INSERT INTO constituencies (id, constituency_code, name, district, state) VALUES
(1, 'TN-001', 'Chennai Central', 'Chennai', 'Tamil Nadu'),
(2, 'TN-002', 'Chennai South', 'Chennai', 'Tamil Nadu'),
(3, 'TN-003', 'Coimbatore North', 'Coimbatore', 'Tamil Nadu'),
(4, 'TN-004', 'Madurai East', 'Madurai', 'Tamil Nadu'),
(5, 'TN-005', 'Salem City', 'Salem', 'Tamil Nadu');

INSERT INTO polling_stations (id, station_code, name, location, capacity, constituency_id) VALUES
(1, 'PS-CHN-001', 'Government Higher Secondary School', 'T Nagar', 1200, 1),
(2, 'PS-CHN-002', 'Anna Nagar Community Hall', 'Anna Nagar', 1000, 1),
(3, 'PS-CHN-003', 'Adyar Government School', 'Adyar', 900, 2),
(4, 'PS-CHN-004', 'Besant Nagar Women College', 'Besant Nagar', 850, 2),
(5, 'PS-CBE-001', 'PSG College', 'Peelamedu', 1100, 3),
(6, 'PS-CBE-002', 'Government Arts College', 'Coimbatore', 950, 3),
(7, 'PS-MDU-001', 'Madurai Kamaraj University', 'Madurai', 1050, 4),
(8, 'PS-MDU-002', 'Thiagarajar College', 'Madurai', 900, 4),
(9, 'PS-SLM-001', 'Salem Government School', 'Salem', 1000, 5),
(10, 'PS-SLM-002', 'Sona College', 'Salem', 850, 5);

INSERT INTO parties (id, party_code, name, symbol) VALUES
(1, 'DMK', 'Dravida Munnetra Kazhagam', 'Rising Sun'),
(2, 'AIADMK', 'All India Anna Dravida Munnetra Kazhagam', 'Two Leaves'),
(3, 'BJP', 'Bharatiya Janata Party', 'Lotus'),
(4, 'INC', 'Indian National Congress', 'Hand'),
(5, 'PMK', 'Pattali Makkal Katchi', 'Mango'),
(6, 'MDMK', 'Marumalarchi Dravida Munnetra Kazhagam', 'Umbrella'),
(7, 'VCK', 'Viduthalai Chiruthaigal Katchi', 'Rising Star'),
(8, 'NTK', 'Naam Tamilar Katchi', 'Two Torch');

INSERT INTO elections (id, election_code, name, type, election_date, constituency_id) VALUES
(1, 'TN-ASM-2026-001', 'Tamil Nadu Assembly Election 2026', 'Assembly', '2026-05-06', 1),
(2, 'TN-ASM-2026-002', 'Tamil Nadu Assembly Election 2026', 'Assembly', '2026-05-06', 2),
(3, 'TN-ASM-2026-003', 'Tamil Nadu Assembly Election 2026', 'Assembly', '2026-05-06', 3),
(4, 'TN-ASM-2026-004', 'Tamil Nadu Assembly Election 2026', 'Assembly', '2026-05-06', 4),
(5, 'TN-ASM-2026-005', 'Tamil Nadu Assembly Election 2026', 'Assembly', '2026-05-06', 5);

INSERT INTO candidates (id, candidate_code, name, age, qualification, party_id, election_id) VALUES
(1, 'CAN-DMK-001', 'M.K. Stalin', 71, 'B.A.', 1, 1),
(2, 'CAN-AIADMK-001', 'Edappadi K. Palaniswami', 70, 'B.Sc.', 2, 1),
(3, 'CAN-BJP-001', 'K. Annamalai', 40, 'MBA, IIM', 3, 1),
(4, 'CAN-INC-001', 'K.S. Alagiri', 65, 'M.A.', 4, 1),
(5, 'CAN-PMK-001', 'Anbumani Ramadoss', 56, 'MBBS, MD', 5, 1),
(6, 'CAN-DMK-002', 'Udhayanidhi Stalin', 42, 'B.Com', 1, 2),
(7, 'CAN-AIADMK-002', 'O. Panneerselvam', 68, 'B.A.', 2, 2),
(8, 'CAN-BJP-002', 'Nainar Nagendran', 62, 'B.L.', 3, 2),
(9, 'CAN-DMK-003', 'K. Thangamuthu', 58, 'M.A.', 1, 3),
(10, 'CAN-AIADMK-003', 'S. P. Velumani', 59, 'B.E.', 2, 3);

INSERT INTO voters (id, voter_code, name, dob, gender, phone, address, constituency_id) VALUES
(1, 'VTR-CHN-001', 'Rajesh Kumar', '1985-03-15', 'Male', '9876543210', '45, T Nagar, Chennai', 1),
(2, 'VTR-CHN-002', 'Priya Lakshmi', '1990-07-22', 'Female', '9876543211', '12, Anna Nagar, Chennai', 1),
(3, 'VTR-CHN-003', 'Suresh Babu', '1982-11-08', 'Male', '9876543212', '78, Adyar, Chennai', 2),
(4, 'VTR-CHN-004', 'Kavitha Rajan', '1988-05-30', 'Female', '9876543213', '23, Besant Nagar, Chennai', 2),
(5, 'VTR-CBE-001', 'Mohan Das', '1980-09-12', 'Male', '9876543214', '56, Peelamedu, Coimbatore', 3),
(6, 'VTR-CBE-002', 'Latha Devi', '1992-02-18', 'Female', '9876543215', '89, Coimbatore', 3),
(7, 'VTR-MDU-001', 'Karthik Raja', '1986-08-25', 'Male', '9876543216', '34, Madurai', 4),
(8, 'VTR-MDU-002', 'Sundari Balan', '1994-12-10', 'Female', '9876543217', '67, Madurai', 4),
(9, 'VTR-SLM-001', 'Venkatesh P', '1983-04-05', 'Male', '9876543218', '91, Salem', 5),
(10, 'VTR-SLM-002', 'Meena Kumari', '1991-06-28', 'Female', '9876543219', '22, Salem', 5),
(11, 'VTR-CHN-005', 'Arun Prakash', '1987-10-14', 'Male', '9876543220', '56, T Nagar, Chennai', 1),
(12, 'VTR-CHN-006', 'Divya S', '1993-01-20', 'Female', '9876543221', '34, Anna Nagar, Chennai', 1),
(13, 'VTR-CHN-007', 'Senthil Kumar', '1984-07-08', 'Male', '9876543222', '12, Adyar, Chennai', 2),
(14, 'VTR-CHN-008', 'Revathi M', '1989-03-25', 'Female', '9876543223', '45, Besant Nagar, Chennai', 2),
(15, 'VTR-CBE-003', 'Ramesh K', '1981-11-30', 'Male', '9876543224', '78, Peelamedu, Coimbatore', 3),
(16, 'VTR-CBE-004', 'Anitha R', '1995-05-12', 'Female', '9876543225', '23, Coimbatore', 3),
(17, 'VTR-MDU-003', 'Prakash S', '1985-09-18', 'Male', '9876543226', '56, Madurai', 4),
(18, 'VTR-MDU-004', 'Kamala D', '1990-02-04', 'Female', '9876543227', '89, Madurai', 4),
(19, 'VTR-SLM-003', 'Sundar R', '1982-06-22', 'Male', '9876543228', '34, Salem', 5),
(20, 'VTR-SLM-004', 'Vijaya L', '1992-08-15', 'Female', '9876543229', '67, Salem', 5),
(21, 'VTR-CHN-009', 'Balaji N', '1986-12-01', 'Male', '9876543230', '91, T Nagar, Chennai', 1),
(22, 'VTR-CHN-010', 'Shanthi P', '1988-04-17', 'Female', '9876543231', '22, Anna Nagar, Chennai', 1),
(23, 'VTR-CHN-011', 'Kumaravel M', '1983-09-09', 'Male', '9876543232', '56, Adyar, Chennai', 2),
(24, 'VTR-CHN-012', 'Geetha S', '1991-01-23', 'Female', '9876543233', '34, Besant Nagar, Chennai', 2),
(25, 'VTR-CBE-005', 'Sivakumar V', '1980-05-28', 'Male', '9876543234', '78, Peelamedu, Coimbatore', 3),
(26, 'VTR-CBE-006', 'Lakshmi K', '1994-07-11', 'Female', '9876543235', '23, Coimbatore', 3),
(27, 'VTR-MDU-005', 'Rajendran P', '1987-10-06', 'Male', '9876543236', '56, Madurai', 4),
(28, 'VTR-MDU-006', 'Padmavathi R', '1989-03-19', 'Female', '9876543237', '89, Madurai', 4),
(29, 'VTR-SLM-005', 'Natarajan T', '1984-08-02', 'Male', '9876543238', '34, Salem', 5),
(30, 'VTR-SLM-006', 'Mangalam S', '1993-06-14', 'Female', '9876543239', '67, Salem', 5),
(31, 'VTR-CHN-013', 'Dinesh Kumar', '1985-11-27', 'Male', '9876543240', '91, T Nagar, Chennai', 1),
(32, 'VTR-CHN-014', 'Suganya R', '1990-04-10', 'Female', '9876543241', '22, Anna Nagar, Chennai', 1),
(33, 'VTR-CHN-015', 'Manikandan S', '1982-12-05', 'Male', '9876543242', '56, Adyar, Chennai', 2),
(34, 'VTR-CHN-016', 'Bhavani D', '1995-01-18', 'Female', '9876543243', '34, Besant Nagar, Chennai', 2),
(35, 'VTR-CBE-007', 'Ganesh M', '1981-06-23', 'Male', '9876543244', '78, Peelamedu, Coimbatore', 3),
(36, 'VTR-CBE-008', 'Kalaivani P', '1992-09-15', 'Female', '9876543245', '23, Coimbatore', 3),
(37, 'VTR-MDU-007', 'Saravanan K', '1986-02-08', 'Male', '9876543246', '56, Madurai', 4),
(38, 'VTR-MDU-008', 'Valliappan N', '1988-07-21', 'Female', '9876543247', '89, Madurai', 4),
(39, 'VTR-SLM-007', 'Kathirvel T', '1983-11-04', 'Male', '9876543248', '34, Salem', 5),
(40, 'VTR-SLM-008', 'Jayalakshmi M', '1991-05-16', 'Female', '9876543249', '67, Salem', 5),
(41, 'VTR-CHN-017', 'Prabhu S', '1984-08-29', 'Male', '9876543250', '91, T Nagar, Chennai', 1),
(42, 'VTR-CHN-018', 'Anuradha K', '1989-03-12', 'Female', '9876543251', '22, Anna Nagar, Chennai', 1),
(43, 'VTR-CHN-019', 'Sankar R', '1987-10-25', 'Male', '9876543252', '56, Adyar, Chennai', 2),
(44, 'VTR-CHN-020', 'Leelavathi P', '1994-01-07', 'Female', '9876543253', '34, Besant Nagar, Chennai', 2),
(45, 'VTR-CBE-009', 'Murugan V', '1980-04-20', 'Male', '9876543254', '78, Peelamedu, Coimbatore', 3),
(46, 'VTR-CBE-010', 'Sumathi D', '1993-06-02', 'Female', '9876543255', '23, Coimbatore', 3),
(47, 'VTR-MDU-009', 'Ramasamy T', '1985-09-14', 'Male', '9876543256', '56, Madurai', 4),
(48, 'VTR-MDU-010', 'Padmini S', '1990-02-26', 'Female', '9876543257', '89, Madurai', 4),
(49, 'VTR-SLM-009', 'Velu N', '1982-07-09', 'Male', '9876543258', '34, Salem', 5),
(50, 'VTR-SLM-010', 'Kamakshi R', '1992-11-21', 'Female', '9876543259', '67, Salem', 5);

INSERT INTO votes (id, vote_number, cast_at, voter_id, candidate_id, election_id, polling_station_id) VALUES
(1, 'VOTE-2026-001', '2026-05-06T08:30:00', 1, 1, 1, 1),
(2, 'VOTE-2026-002', '2026-05-06T08:45:00', 2, 1, 1, 1),
(3, 'VOTE-2026-003', '2026-05-06T09:00:00', 3, 6, 2, 3),
(4, 'VOTE-2026-004', '2026-05-06T09:15:00', 4, 6, 2, 3),
(5, 'VOTE-2026-005', '2026-05-06T09:30:00', 5, 9, 3, 5),
(6, 'VOTE-2026-006', '2026-05-06T09:45:00', 6, 9, 3, 5),
(7, 'VOTE-2026-007', '2026-05-06T10:00:00', 7, 1, 4, 7),
(8, 'VOTE-2026-008', '2026-05-06T10:15:00', 8, 1, 4, 7),
(9, 'VOTE-2026-009', '2026-05-06T10:30:00', 9, 1, 5, 9),
(10, 'VOTE-2026-010', '2026-05-06T10:45:00', 10, 1, 5, 9),
(11, 'VOTE-2026-011', '2026-05-06T11:00:00', 11, 2, 1, 1),
(12, 'VOTE-2026-012', '2026-05-06T11:15:00', 12, 2, 1, 1),
(13, 'VOTE-2026-013', '2026-05-06T11:30:00', 13, 7, 2, 3),
(14, 'VOTE-2026-014', '2026-05-06T11:45:00', 14, 7, 2, 3),
(15, 'VOTE-2026-015', '2026-05-06T12:00:00', 15, 10, 3, 5),
(16, 'VOTE-2026-016', '2026-05-06T12:15:00', 16, 10, 3, 5),
(17, 'VOTE-2026-017', '2026-05-06T12:30:00', 17, 1, 4, 7),
(18, 'VOTE-2026-018', '2026-05-06T12:45:00', 18, 1, 4, 7),
(19, 'VOTE-2026-019', '2026-05-06T13:00:00', 19, 1, 5, 9),
(20, 'VOTE-2026-020', '2026-05-06T13:15:00', 20, 1, 5, 9),
(21, 'VOTE-2026-021', '2026-05-06T13:30:00', 21, 3, 1, 1),
(22, 'VOTE-2026-022', '2026-05-06T13:45:00', 22, 3, 1, 1),
(23, 'VOTE-2026-023', '2026-05-06T14:00:00', 23, 6, 2, 3),
(24, 'VOTE-2026-024', '2026-05-06T14:15:00', 24, 6, 2, 3),
(25, 'VOTE-2026-025', '2026-05-06T14:30:00', 25, 9, 3, 5),
(26, 'VOTE-2026-026', '2026-05-06T14:45:00', 26, 9, 3, 5),
(27, 'VOTE-2026-027', '2026-05-06T15:00:00', 27, 1, 4, 7),
(28, 'VOTE-2026-028', '2026-05-06T15:15:00', 28, 1, 4, 7),
(29, 'VOTE-2026-029', '2026-05-06T15:30:00', 29, 1, 5, 9),
(30, 'VOTE-2026-030', '2026-05-06T15:45:00', 30, 1, 5, 9),
(31, 'VOTE-2026-031', '2026-05-06T16:00:00', 31, 4, 1, 2),
(32, 'VOTE-2026-032', '2026-05-06T16:15:00', 32, 4, 1, 2),
(33, 'VOTE-2026-033', '2026-05-06T16:30:00', 33, 7, 2, 4),
(34, 'VOTE-2026-034', '2026-05-06T16:45:00', 34, 7, 2, 4),
(35, 'VOTE-2026-035', '2026-05-06T17:00:00', 35, 10, 3, 6),
(36, 'VOTE-2026-036', '2026-05-06T17:15:00', 36, 10, 3, 6),
(37, 'VOTE-2026-037', '2026-05-06T17:30:00', 37, 1, 4, 8),
(38, 'VOTE-2026-038', '2026-05-06T17:45:00', 38, 1, 4, 8),
(39, 'VOTE-2026-039', '2026-05-06T18:00:00', 39, 1, 5, 10),
(40, 'VOTE-2026-040', '2026-05-06T18:15:00', 40, 1, 5, 10),
(41, 'VOTE-2026-041', '2026-05-06T08:30:00', 41, 2, 1, 2),
(42, 'VOTE-2026-042', '2026-05-06T08:45:00', 42, 2, 1, 2),
(43, 'VOTE-2026-043', '2026-05-06T09:00:00', 43, 6, 2, 4),
(44, 'VOTE-2026-044', '2026-05-06T09:15:00', 44, 6, 2, 4),
(45, 'VOTE-2026-045', '2026-05-06T09:30:00', 45, 9, 3, 6),
(46, 'VOTE-2026-046', '2026-05-06T09:45:00', 46, 9, 3, 6),
(47, 'VOTE-2026-047', '2026-05-06T10:00:00', 47, 1, 4, 8),
(48, 'VOTE-2026-048', '2026-05-06T10:15:00', 48, 1, 4, 8),
(49, 'VOTE-2026-049', '2026-05-06T10:30:00', 49, 1, 5, 10),
(50, 'VOTE-2026-050', '2026-05-06T10:45:00', 50, 1, 5, 10);

ALTER TABLE constituencies ALTER COLUMN id RESTART WITH 6;
ALTER TABLE polling_stations ALTER COLUMN id RESTART WITH 11;
ALTER TABLE parties ALTER COLUMN id RESTART WITH 9;
ALTER TABLE elections ALTER COLUMN id RESTART WITH 6;
ALTER TABLE candidates ALTER COLUMN id RESTART WITH 11;
ALTER TABLE voters ALTER COLUMN id RESTART WITH 51;
ALTER TABLE votes ALTER COLUMN id RESTART WITH 51;
